{
  "chart": {
    "title": "Which countries have a carbon tax?",
    "subtitle": "A country is marked as having a carbon emissions tax instrument if at least one sector has implemented one.",
    "citation": "Dolphin and Xiahou (2022)",
    "originalChartUrl": "https://ourworldindata.org/grapher/carbon-tax-instruments?v=1&csvType=full&useColumnShortNames=false",
    "selection": [
      "Belarus",
      "Samoa",
      "Vanuatu"
    ]
  },
  "columns": {
    "Covered by tax instrument in at least one sector": {
      "titleShort": "Covered by tax instrument in at least one sector",
      "titleLong": "Covered by tax instrument in at least one sector",
      "descriptionShort": "This data indicates whether at least one sector(-fuel) is covered by at least one carbon tax at the national level, or only at the sub-national level, or whether no sector is covered.",
      "descriptionKey": [
        "This data primarily focuses on economic instruments targeting carbon dioxide (CO₂) emissions.",
        "In some cases these instruments also cover other greenhouse gases. However, any pricing mechanisms that specifically target non-CO₂ gases (such as methane or nitrous oxide) are not included.",
        "A country is considered to have a carbon tax or emissions trading system if at least one IPCC sector or gas is covered by the instrument. These instruments do not need to cover all sectors within the economy for this to apply."
      ],
      "unit": "",
      "timespan": "1989-2022",
      "type": "String",
      "owidVariableId": 815602,
      "shortName": "tax",
      "lastUpdated": "2023-10-19",
      "nextUpdate": "2024-12-29",
      "citationShort": "Dolphin and Xiahou (2022) – with major processing by Our World in Data",
      "citationLong": "Dolphin and Xiahou (2022) – with major processing by Our World in Data. “Covered by tax instrument in at least one sector” [dataset]. Resources for the Future, “World Carbon Pricing Database” [original data].",
      "fullMetadata": "https://api.ourworldindata.org/v1/indicators/815602.metadata.json"
    }
  },
  "dateDownloaded": "2024-11-29"
}